Francis Bacon,Three Studies of Lucian Freud,11.12.2013,"142,404,992"
Edvard Munch,The Scream,05.02.2012,"119,922,496"
Pablo Picasso,"Nude, Green Leaves and Bust",05.04.2010,"106,482,496"
Andy Warhol,Silver car crash,11.13.2013,"105,445,000"
Pablo Picasso,Garçon à la pipe,05.05.2004,"104,168,000"
Alberto Giacometti,L′homme qui marche I,02.03.2010,"103,689,992"
Alberto Giacometti,Chariot,11.04.2014,"100,965,000"
Pablo Picasso,Dora Maar au chat,05.03.2006,"95,216,000"
Gustav Klimt,Portrait of Adele Bloch-Bauer II,11.08.2006,"87,936,000"
Mark Rothko,"Orange, Red, Yellow",05.08.2012,"86,882,496"
Francis Bacon,"Triptych, 1976",05.14.2008,"86,281,000"
Barnett Newman,Black Fire I,05.13.2014,"84,165,000"
Vincent van Gogh,Portrait du Dr. Gachet,05.15.1990,"82,500,000"
Andy Warhol,Triple Elvis,11.12.2014,"81,925,000"
Francis Bacon,Three Studies for a Portrait of John Edwards,05.13.2014,"80,805,000"
Claude Monet,Le bassin aux nymphéas,06.24.2008,"80,549,392"
Pierre-Auguste Renoir,Au moulin de la Galette,05.17.1990,"78,100,000"
Sir Peter Paul Rubens,The Massacre of the Innocents,07.10.2002,"76,671,280"
Mark Rothko,No. 1,11.13.2012,"75,122,496"
Mark Rothko,White center,05.15.2007,"72,840,000"
Andy Warhol,Green Car Crash,05.16.2007,"71,720,000"
Vincent van Gogh,Portrait de l′artiste sans barbe,11.19.1998,"71,502,496"
Amedeo Modigliani,Tête,11.04.2014,"70,725,000"
Francis Bacon,Portrait of George Dyer TalkingREPEAT SALE,02.13.2014,"69,625,144"
Andy Warhol,Four Marlons,11.12.2014,"69,605,000"
Cy Twombly,Untitled,11.12.2014,"69,605,000"
Amedeo Modigliani,Nu assis sur un divan,11.02.2010,"68,962,496"
Mark Rothko,Untitled,05.13.2014,"66,245,000"
Qi Baishi,Eagle standing on pine tree,05.22.2011,"65,532,112"
Edouard Manet,Le Printemps,11.05.2014,"65,125,000"
Andy Warhol,Men in Her Life,11.08.2010,"63,362,500"
Andy Warhol,Race Riot,05.13.2014,"62,885,000"
Wang Meng,Landscape,06.04.2011,"62,118,992"
Vincent van Gogh,"Nature morte, vase aux marguerites et coquelicots",11.04.2014,"61,765,000"
Clyfford Still,1949-A-No. 1,11.09.2011,"61,682,500"
Paul Cézanne,"Rideau, cruchon et compotier",05.10.1999,"60,502,500"
Kasimir Severinovich Malevich,Suprematist Composition,11.03.2008,"60,002,500"
Jeff Koons,Balloon dog,11.12.2013,"58,405,000"
Jackson Pollock,Number 19REPEAT SALE,05.15.2013,"58,363,752"
Andy Warhol,Coca-Cola,11.12.2013,"57,285,000"
Juan Gris,Nature morte à la nappe à carreaux,02.04.2014,"57,006,496"
Mark Rothko,Untitled,05.15.2014,"56,165,000"
Roy Lichtenstein,Woman with Flowered Hat,05.15.2013,"56,123,752"
Pablo Picasso,Femme aux bras croisés,11.08.2000,"55,006,000"
Claude Monet,NymphéasREPEAT SALE,06.23.2014,"53,982,180"
Vincent van Gogh,Irises,11.11.1987,"53,900,000"
Alberto Giacometti,Grande tête mince,05.04.2010,"53,282,500"
Francis Bacon,Study from Innocent X,05.15.2007,"52,680,000"
Amedeo Modigliani,Tête,06.14.2010,"52,327,264"
Francis Bacon,Triptych 1974-77,02.06.2008,"51,893,420"
Pablo Picasso,Les Noces de Pierrette,11.30.1989,"51,650,000"
Pablo Picasso,Portrait d′Angel Fernández de SotoREPEAT SALE,06.23.2010,"51,373,652"
Mark Rothko,No. 15REPEAT SALE,05.13.2008,"50,441,000"
Alberto Giacometti,Grande tête mince,11.06.2013,"50,005,000"
Pablo Picasso,Femme assise dans un jardin,11.10.1999,"49,502,500"
Jean-Michel Basquiat,Dustheads,05.15.2013,"48,843,752"
Henri Matisse,"Nu de dos, 4 état",11.03.2010,"48,802,500"
Pablo Picasso,Le Rêve,11.10.1997,"48,402,500"
Raphaël,Head of a muse,12.08.2009,"48,033,684"
Raphaël,Head of a Young Apostle,12.05.2012,"47,863,100"
Pablo Picasso,Self Portrait: Yo Picasso,05.09.1989,"47,850,000"
,Rome,12.03.2014,"47,594,196"
,Abstraktes bildREPEAT SALE,02.10.2015,"46,297,640"
Mark Rothko,No. 11,11.12.2013,"46,085,000"
Norman Rockwell,Saying grace,12.04.2013,"46,085,000"
Henri Matisse,"Les coucous, tapis bleu et rose",02.23.2009,"46,055,344"
Li Keran,Mountains in red,06.03.2012,"46,030,324"
Francis Bacon,Second Version of Study for Bullfight No. 1,11.14.2007,"45,961,000"
Francis Bacon,Three studies for portrait of George Dyer,06.30.2014,"45,488,328"
Pablo Picasso,Nu au fauteuil noir,11.09.1999,"45,102,500"
,Modern Rome - Campo Vaccino,07.07.2010,"45,099,024"
Mark Rothko,No. 21,11.11.2014,"44,965,000"
Francis Bacon,Seated FigureREPEAT SALE,11.12.2014,"44,965,000"
Pablo Picasso,Femme assise près d�une fenêtreREPEAT SALE,02.05.2013,"44,964,024"
Roy Lichtenstein,Sleeping Girl,05.09.2012,"44,882,500"
Francis Bacon,Figure Writing Reflected in Mirror,05.09.2012,"44,882,500"
Georgia O′Keeffe,Jimson weed/White flower no. 1REPEAT SALE,11.20.2014,"44,405,000"
Barnett Newman,Onement VI,05.14.2013,"43,845,000"
Andy Warhol,200 one dollar billsREPEAT SALE,11.11.2009,"43,762,500"
Claude Monet,Nymphéas,11.07.2012,"43,762,500"
Andy Warhol,Statue of Liberty,11.14.2012,"43,762,500"
Roy Lichtenstein,I can see the whole room!... and there′s nobody in it!REPEAT SALE,11.08.2011,"43,202,500"
Francis Bacon,Self Portrait,06.21.2007,"42,957,148"
Gustav Klimt,Kirche in Cassone - Landschaft mit Zypressen,02.03.2010,"42,944,776"
Francesco Guardi,"Venice, a view of the Rialto Bridge, looking north",07.06.2011,"42,913,160"
Roy Lichtenstein,Ohhh...Alright...,11.10.2010,"42,642,500"
Amedeo Modigliani,Jeanne Hébuterne,02.06.2013,"42,347,128"
Xu Beihong,Cultivation on the Peaceful Land,12.05.2011,"41,899,616"
Paul Cézanne,Les Pommes,05.07.2013,"41,605,000"
Pablo Picasso,Nature morte aux tulipesREPEAT SALE,11.08.2012,"41,522,500"
Claude Monet,Le Pont du chemin de fer à ArgenteuilREPEAT SALE,05.06.2008,"41,481,000"
Andy Warhol,White Marilyn,05.13.2014,"41,045,000"
Pablo Picasso,Au Lapin Agile,11.15.1989,"40,700,000"
Pablo Picasso,La lectureREPEAT SALE,02.08.2011,"40,663,652"
Edward Hopper,East Wind Over Weehawken,12.05.2013,"40,485,000"
Gustav Klimt,Litzlberg am Attersee,11.02.2011,"40,402,500"
Jackson Pollock,Number 4,11.13.2012,"40,402,500"
Franz Kline,Untitled,11.14.2012,"40,402,500"
Vincent van Gogh,"L′Arlésienne, Madame Ginoux",05.02.2006,"40,336,000"
Paul Gauguin,L′homme à la hache,11.08.2006,"40,336,000"
Gustav Klimt,Birch Forest,11.08.2006,"40,336,000"
Egon Schiele,Häuser mit bunter Wäsche,06.22.2011,"40,030,520"
Pablo Picasso,Tête de femme,11.06.2013,"39,925,000"
Vincent van Gogh,Sunflowers,03.30.1987,"39,663,460"
Francis Bacon,Study of Nude With Figure in a Mirror,02.27.2008,"39,322,288"
Paul Gauguin,Te poipoi,11.07.2007,"39,241,000"
Fernand Léger,étude pour �la femme en bleu�,05.07.2008,"39,241,000"
Paul Gauguin,Maternité,11.04.2004,"39,208,000"
Pablo Picasso,Acrobate et jeune Arlequin,11.28.1988,"38,532,448"
Paul Cézanne,La montagne Sainte-Victoire,05.07.2001,"38,502,500"
Andy Warhol,Self-portrait,05.11.2011,"38,442,500"
Andy Warhol,Four MarilynsREPEAT SALE,05.16.2013,"38,245,000"
Edvard Munch,Vampire,11.03.2008,"38,162,500"
Ernst Ludwig Kirchner,Berliner Strassenszene,11.08.2006,"38,096,000"
Constantin Brancusi,Madame L.R.,02.23.2009,"37,435,600"
Raphaël,"Portrait of Lorenzo de′ Medici, Duke of Urbino",07.05.2007,"37,320,048"
,"Domplatz, Mailand",05.14.2013,"37,125,000"
Edgar Degas,Danseuse au reposREPEAT SALE,11.03.2008,"37,042,500"
Andy Warhol,Double Elvis,05.09.2012,"37,042,500"
Francis Bacon,Portrait of Lucian Freud,02.10.2011,"36,999,812"
Paul Cézanne,Nature morte aux fruits et pot de gingembreREPEAT SALE,11.07.2006,"36,976,000"
Joan Miró,Peinture,06.19.2012,"36,955,820"
Yves Klein,Le Rose du bleu,06.27.2012,"36,764,976"
Claude Monet,Nymphéas,06.19.2007,"36,659,600"
Yves Klein,FC1,05.08.2012,"36,482,500"
George Stubbs,"Gimcrack on Newmarket Heath, with a trainer, jockey and stable lad",07.05.2011,"36,101,240"
Jasper Johns,Flag,11.11.2014,"36,005,000"
Sir Lawrence Alma-Tadema,The finding of MosesREPEAT SALE,11.04.2010,"35,922,500"
,"Giudecca, La Donna della Salute and San Giorgio",04.06.2006,"35,856,000"
Claude Monet,Le grand canalREPEAT SALE,02.03.2015,"35,633,680"
Claude Monet,"Waterloo Bridge, temps couvertREPEAT SALE",06.18.2007,"35,462,000"
Andy Warhol,Coca-cola - 4,11.09.2010,"35,362,500"
Georges Seurat,"Paysage,L′Ile de la Grande-Jatte",05.10.1999,"35,202,500"
John Constable,The LockREPEAT SALE,07.03.2012,"35,183,392"
Jean-Michel Basquiat,Untitled,05.13.2014,"34,885,000"
Pablo Picasso,Le repos,05.02.2006,"34,736,000"
Francis Bacon,Self-portrait,06.30.2008,"34,498,968"
,Abstraktes BildREPEAT SALE,10.12.2012,"34,165,172"
Jeff Koons,Jim Beam - J.B. Turner Train,05.13.2014,"33,765,000"
Claude Monet,Alice hoschedé au jardinREPEAT SALE,11.04.2014,"33,765,000"
Mark Rothko,Untitled no. 17,05.11.2011,"33,682,500"
Jeff Koons,Tulips,11.14.2012,"33,682,500"
Francis Bacon,Portrait of Henrietta Moraes,02.14.2012,"33,664,120"
Henri Matisse,"L′Odalisque, harmonie bleue",11.06.2007,"33,641,000"
Lucian Freud,Benefits Supervisor Sleeping,05.13.2008,"33,641,000"
Francis Bacon,Study for Self-Portrait,06.27.2012,"33,619,208"
Edouard Manet,"Portrait de Manet par lui-même, en buste",06.22.2010,"33,296,082"
Rembrandt Harmensz van Rijn,Portrait of a man with arms akimbo,12.08.2009,"33,274,996"
Francis Bacon,Self-Portrait,11.14.2007,"33,081,000"
Gustav Klimt,Apple Tree I,11.08.2006,"33,056,000"
Claude Monet,Bassin aux nympheas et sentier au bord de l′eau,06.30.1998,"32,991,502"
Canaletto,"Venice, the Grand Canal, looking north-east from Palazzo Balbi to the Rialto Bridge",07.07.2005,"32,648,762"
Alberto Giacometti,Diego en chemise écossaise,11.05.2013,"32,645,000"
Jackson Pollock,Number 16,11.12.2013,"32,645,000"
Andy Warhol,Self portrait,05.12.2010,"32,562,500"
Andy Warhol,Double MarlonREPEAT SALE,05.13.2008,"32,521,000"
,Abstraktes Bild,02.13.2014,"32,293,282"
Camille Pissarro,"Le boulevard Montmartre, matinée de printemps",02.05.2014,"32,098,220"
Willem de Kooning,Untitled VIII,11.12.2013,"32,085,000"
Pablo Picasso,Les femmes d′Alger,11.10.1997,"31,902,500"
Roy Lichtenstein,Seductive Girl,11.12.2013,"31,525,000"
Pablo Picasso,Le sauvetageREPEAT SALE,05.07.2014,"31,525,000"
Andy Warhol,Liz #3,11.11.2014,"31,525,000"
,Abstraktes Bild,11.12.2014,"31,525,000"
Mark Rothko,UntitledREPEAT SALE,05.12.2010,"31,442,500"
Clyfford Still,1947-Y-No. 2,11.09.2011,"31,442,500"
Gustav Klimt,Houses at Unterach on the Attersee,11.08.2006,"31,376,000"
Amedeo Modigliani,Jeanne Hébuterne,11.04.2004,"31,368,000"
Amedeo Modigliani,Le Fils du conciergeREPEAT SALE,11.07.2006,"31,096,000"
Pablo Picasso,Mousquetaire à la pipe,11.06.2013,"30,965,000"
Amedeo Modigliani,Portrait du sculpteur Oscar MiestchaninoffREPEAT SALE,11.06.2007,"30,841,000"
Pablo Picasso,Femme accroupie au costume turc,11.06.2007,"30,841,000"
Edvard Munch,Girls on a BridgeREPEAT SALE,05.07.2008,"30,841,000"
Claude Monet,Le Palais ContariniREPEAT SALE,06.19.2013,"30,836,572"
Ed Ruscha,Smash,11.12.2014,"30,405,000"
Henry Moore,Reclining Figure: FestivalREPEAT SALE,02.07.2012,"30,127,386"
Andy Warhol,Six self portraits,05.14.2014,"30,125,000"
Cy Twombly,Untitled,02.11.2015,"29,988,256"
Johannes,A young woman seated at the virginals,07.07.2004,"29,934,770"
Francis Bacon,Untitled,11.13.2012,"29,762,500"
Gino Severini,Danseuse,06.25.2008,"29,600,370"
Paul Cézanne,Bouilloire et fruits,12.07.1999,"29,466,720"
Jean-Michel Basquiat,UntitledREPEAT SALE,11.12.2013,"29,285,000"
,Abstraktes Bild,05.13.2014,"29,285,000"
Willem de Kooning,Clamdigger,11.12.2014,"29,285,000"
Sir Lawrence Alma-Tadema,The meeting of Antony and Cleopatra: 41 BCREPEAT SALE,05.05.2011,"29,202,500"
Pablo Picasso,Femme assise dans un fauteuil,05.02.2012,"29,202,500"
Pablo Picasso,Tête de Femme,11.07.2007,"29,161,000"
Gustav Klimt,Landhaus am Attersee,11.05.2003,"29,128,000"
Pablo Picasso,"Femme assise, robe bleue",06.21.2011,"29,043,342"
Jean-Michel Basquiat,Untitled,06.25.2013,"28,888,188"
,BlauREPEAT SALE,05.14.2014,"28,725,000"
Rembrandt Harmensz van Rijn,"Portrait of a lady, aged 62, perhaps Aeltje Pietersdr. Uylenburgh, wife of Johannes Cornelisz. Sylvius, half-length, in black costume and a cap and collar",12.13.2000,"28,676,152"
,Wand,02.12.2014,"28,663,260"
Francis Bacon,Study for a portrait,06.28.2011,"28,660,766"
Henri Matisse,Bouquet de fleurs pour le quatorze juillet,05.05.2010,"28,642,500"
Jasper Johns,Flag,05.11.2010,"28,642,500"
Juan Gris,Violon et guitare,11.03.2010,"28,642,500"
Paul Cézanne,Nature Morte: Les grosses pommes,05.11.1993,"28,602,500"
Andrea Mantegna,Descent into Limbo,01.23.2003,"28,568,000"
Pablo Picasso,Claude et Paloma,11.04.2013,"28,165,000"
Jeff Koons,Popeye,05.14.2014,"28,165,000"
Roy Lichtenstein,Nude with Red Shirt,11.14.2012,"28,082,500"
Francis Bacon,Three Studies for Self-PortraitREPEAT SALE,05.13.2008,"28,041,000"
Andy Warhol,Lemon Marilyn,05.16.2007,"28,040,000"
Jean Honoré Fragonard,"Portrait of François-Henri, 5th duc d′Harcourt",12.05.2013,"28,015,316"
Adriaen de Vries,A Bronze Bacchic Figure Supporting The Globe,12.11.2014,"27,885,000"
Gustav Klimt,"Frauenbildnis, portrait of Ria Munk III",06.23.2010,"27,786,368"
George Wesley Bellows,Polo Crowd,12.01.1999,"27,702,500"
Piet Mondrian,"Composition avec bleu, rouge, jaune et noir",02.23.2009,"27,666,556"
Pablo Picasso,Femme au costume turc dans un fauteuil,02.04.2014,"27,653,536"
Francis Bacon,Study for Portrait II,02.08.2007,"27,627,812"
Vincent van Gogh,L′homme est en merREPEAT SALE,02.05.2014,"27,531,980"
Andy Warhol,Self-portrait,05.11.2011,"27,522,500"
Alberto Giacometti,Grande femme debout IIREPEAT SALE,05.06.2008,"27,481,000"
Constantin Brancusi,Oiseau dans l′espace,05.04.2005,"27,456,000"
Francis Bacon,Study for Head of George Dyer,07.01.2008,"27,433,052"
Willem de Kooning,Untitled XXV,11.15.2006,"27,120,000"
Claude Monet,Nymphéas,05.06.2014,"27,045,000"
Mark Rothko,Untitled,05.15.2013,"27,003,750"
Andy Warhol,Liz no.5,05.12.2011,"26,962,500"
Vincent van Gogh,Sous-bois,11.08.1995,"26,952,500"
Mark Rothko,Untitled,05.16.2007,"26,920,000"
Edward Hopper,Hotel WindowREPEAT SALE,11.29.2006,"26,896,000"
Amedeo Modigliani,Nu couché,11.04.2003,"26,887,500"
Joan Miró,Painting-Poem,02.07.2012,"26,590,650"
Christopher Wool,Apocalypse Now,11.12.2013,"26,485,000"
,A.B. Courbet,11.13.2013,"26,485,000"
Franz Kline,King Oliver,11.12.2014,"26,485,000"
Edgar Degas,Danseuses à la barreREPEAT SALE,06.24.2008,"26,421,902"
Jean-Michel Basquiat,UntitledREPEAT SALE,11.14.2012,"26,402,500"
Edouard Manet,La rue Mosnier aux drapeaux,11.14.1989,"26,400,000"
Vincent van Gogh,Autoportrait,05.15.1990,"26,400,000"
Edouard Manet,Les Courses au Bois de Boulogne,05.05.2004,"26,328,000"
Amedeo Modigliani,L′Amazone,05.07.2013,"25,925,000"
Jean-Michel Basquiat,Untitled,11.13.2013,"25,925,000"
Alexander Calder,Poisson volant,05.13.2014,"25,925,000"
Jeff Koons,Balloon Monkey,11.12.2014,"25,925,000"
Philip Guston,To Fellini,05.15.2013,"25,883,750"
Piet Mondrian,"Composition with red, blue and grey",06.23.2014,"25,870,094"
Alberto Giacometti,La main,05.04.2010,"25,842,500"
Ren Yi,Huafeng people′s wishes to Emperor Yao,07.16.2011,"25,804,704"
Rembrandt Harmensz van Rijn,Saint James the Greater,01.25.2007,"25,800,000"
Jeff Koons,Balloon Flower,06.30.2008,"25,783,062"
Paul Cézanne,Nature morte au melon vertREPEAT SALE,05.08.2007,"25,520,000"
Francis Bacon,Self-portrait,05.11.2011,"25,282,500"
Willem de Kooning,Untitled V,11.13.2013,"24,805,000"
Pablo Picasso,Femme assise dans un fauteuil,11.10.1997,"24,752,500"
Pablo Picasso,Maternité,11.14.1988,"24,750,000"
Claude Monet,Le bassin aux nymphéasREPEAT SALE,11.02.2010,"24,722,500"
Francis Bacon,Seated Woman,12.12.2007,"24,556,844"
Zhang Daqian,Lotus and Mandarin ducks,05.31.2011,"24,551,210"
Jean Antoine Watteau,La Surprise: A couple embracing while a figure dressed as Mezzetin tunes a guitar,07.08.2008,"24,417,178"
Franz Marc,Weidende Pferde III,02.05.2008,"24,326,828"
Claude Monet,Le portail,05.10.2000,"24,205,750"
Paul Gauguin,Mata Mua,05.09.1989,"24,200,000"
André Derain,Arbres à Collioure,06.22.2010,"24,156,490"
,Vierwaldstätter See,02.11.2015,"24,015,744"
Pablo Picasso,Nu au collier,06.25.2002,"23,944,552"
Andy Warhol,Big Campbell′s soup can with can opener,11.10.2010,"23,882,500"
Henri Matisse,Odalisque au fauteuil noirREPEAT SALE,02.03.2015,"23,830,560"
Pablo Picasso,Les Tuileries,06.25.1990,"23,821,898"
David Smith,Cubi XXVIII,11.09.2005,"23,816,000"
Kurt Schwitters,Ja - Was? - Bild,06.24.2014,"23,781,982"
Cui Ruzhuo,Landscape in snow,04.07.2014,"23,725,710"
Andy Warhol,MarlonREPEAT SALE,11.14.2012,"23,714,500"
Christopher Wool,If YouREPEAT SALE,05.13.2014,"23,685,000"
Jean-Michel Basquiat,Undiscovered genius of the Mississippi DeltaREPEAT SALE,05.14.2014,"23,685,000"
Roy Lichtenstein,Nude with Yellow Flower,05.15.2013,"23,643,750"
Gustav Klimt,Schloss Kammer am Attersee IIREPEAT SALE,10.09.1997,"23,562,388"
Andy Warhol,LizREPEAT SALE,11.13.2007,"23,561,000"
Jeff Koons,Hanging Heart,11.14.2007,"23,561,000"
Yves Klein,MG 9,05.14.2008,"23,561,000"
Wu Guanzhong,Ten Thousand Miles of the Yangtze River,11.19.2011,"23,548,498"
Lucian Freud,Naked Portrait with ReflectionREPEAT SALE,06.30.2008,"23,548,214"
Pierre-Auguste Renoir,Dans les Roses,05.06.2003,"23,528,000"
John Singer Sargent,Group with Parasols,12.01.2004,"23,528,000"
Joan Miró,Painting,02.04.2015,"23,413,412"
Lyonel Feininger,Jesuiten III,05.08.2007,"23,280,000"
Zeng Fanzhi,The Last Supper,10.05.2013,"23,269,068"
Jeff Koons,Cracked Egg,02.13.2014,"23,237,534"
Paul Cézanne,Madame Cézanne au fauteuil jaune,05.12.1997,"23,102,500"
Pablo Picasso,L′Aubade,11.02.2011,"23,042,500"
Jackson Pollock,Number 28,05.08.2012,"23,042,500"
Wassily Kandinsky,Studie für Improvisation 8,11.07.2012,"23,042,500"
Wassily Kandinsky,Fugue,05.17.1990,"22,990,000"
Pablo Picasso,Portrait de femme,05.06.2014,"22,565,000"
Francis Bacon,Figure Turning,05.13.2014,"22,565,000"
Norman Rockwell,The Rookie,05.22.2014,"22,565,000"
,Untitled,11.12.2014,"22,565,000"
Max Beckmann,Selbstbildnis mit Horn,05.10.2001,"22,555,750"
Andy Warhol,Three Self-portraits,02.27.2008,"22,550,242"
Mark Rothko,Untitled,11.09.2010,"22,482,500"
Claude Monet,Les PeupliersREPEAT SALE,05.04.2011,"22,482,500"
Maurice de Vlaminck,Paysage de banlieueREPEAT SALE,05.04.2011,"22,482,500"
Barnett Newman,Onement V,05.08.2012,"22,482,500"
Henri Matisse,Portrait au manteau bleu,05.06.2008,"22,441,000"
Mark Rothko,Untitled,05.16.2007,"22,440,000"
Henri de Toulouse-Lautrec,La blanchisseuse,11.01.2005,"22,416,000"
Mark Rothko,Homage to Matisse,11.08.2005,"22,416,000"
Egon Schiele,Einzelne Häuser,11.08.2006,"22,416,000"
Francis Bacon,Two studies for self-portraitREPEAT SALE,02.10.2015,"22,409,162"
Fernand Léger,La femme en rouge et vert,11.04.2003,"22,407,500"
Edward Burne-Jones,Love among the Ruins,07.11.2013,"22,115,900"
Yves Klein,"Sculpture éponge bleue sans titre, SE 168",05.14.2013,"22,005,000"
,"Abstraktes Bild, Dunkel",05.15.2013,"21,963,750"
,Abstraktes Bild,05.08.2012,"21,810,500"
Pablo Picasso,Jeune fille endormie,06.21.2011,"21,799,182"
Egon Schiele,Herbstsonne,06.20.2006,"21,708,430"
,Portrait de Paul éluardREPEAT SALE,02.10.2011,"21,685,938"
Cy Twombly,Poems to the sea,11.13.2013,"21,669,000"
Francis Bacon,Three Studies for a Self-Portrait,02.12.2013,"21,661,584"
Paul Gauguin,Deux femmes or La Chevelure fleurie,02.07.2006,"21,656,598"
,Abstraktes Bild,11.11.2014,"21,445,000"
Roy Lichtenstein,Reflections on the PromREPEAT SALE,11.12.2014,"21,445,000"
Yves Klein,Archisponge,11.11.2008,"21,362,500"
Pablo Picasso,Femmes lisant,05.03.2011,"21,362,500"
Pablo Picasso,"Les femmes d′Alger, version L",05.04.2011,"21,362,500"
Mark Rothko,Black Stripe,11.14.2012,"21,362,500"
Charles Willson Peale,George Washington at Princeton,01.21.2006,"21,296,000"
Clyfford Still,1947-R-No. 1 ,11.15.2006,"21,296,000"
Wassily Kandinsky,Studie zu Improvisation 3REPEAT SALE,06.18.2013,"21,216,846"
Willem de Kooning,Untitled XXXI,05.13.2014,"21,165,000"
Huang Zhou,Gaiety in the Grassland mounted,12.02.2013,"21,141,440"
Egon Schiele,Krumauer Landschaft,06.23.2003,"21,064,050"
Mark Rothko,No. 7,11.13.2007,"21,041,000"
Piet Mondrian,New York/Boogie Woogie,11.04.2004,"21,008,000"
Edouard Manet,Jeune fille dans un jardin,11.09.2000,"20,905,750"
Pierre-Auguste Renoir,Baigneuse,11.13.1997,"20,902,500"
Clyfford Still,PH - 21,05.14.2013,"20,885,000"
Jackson Pollock,The Blue Unconscious,05.14.2013,"20,885,000"
Lucio Fontana,"Concetto spaziale, La fine di DioREPEAT SALE",11.12.2013,"20,885,000"
,Abstraktes Bild,11.12.2013,"20,885,000"
Juan Gris,"Livre, pipe et verres",11.06.2008,"20,802,500"
Alberto Giacometti,Le Chat,05.04.2010,"20,802,500"
Henri Matisse,"Danseuse dans le fauteuil, sol en damierREPEAT SALE",11.02.2010,"20,802,500"
,Abstraktes Bild,11.09.2011,"20,802,500"
Willem de Kooning,Interchange,11.08.1989,"20,680,000"
Barnett Newman,By twos,11.13.2013,"20,605,000"
Andy Warhol,Big electric chair,05.14.2014,"20,437,000"
Paul Cézanne,Vue sur L′Estaque et le Château d′If,02.04.2015,"20,375,704"
Vincent van Gogh,Le pont de Trinquetaille,06.29.1987,"20,367,090"
Vincent van Gogh,Le vieil If,11.14.1989,"20,350,000"
Lucio Fontana,"Concetto Spaziale, La Fine di Dio",02.27.2008,"20,343,394"
Andy Warhol,Liz #1,11.13.2013,"20,325,000"
Claude Monet,Sous les peupliers,11.04.2014,"20,325,000"
Piet Mondrian,Composition No. II with Blue and Yellow,02.04.2014,"20,315,296"
Andy Warhol,Sixteen Jackies,05.10.2011,"20,242,500"
Piero Manzoni,Achrome,10.17.2014,"20,218,814"
Franz Marc,Der Wasserfall,11.07.2007,"20,201,000"
Claude Monet,Nymphéas,06.24.2002,"20,182,110"
Claude Monet,"Londres, le Parlement, effet de soleil dans le brouillard",11.03.2004,"20,167,500"
Jean-Michel Basquiat,UntitledREPEAT SALE,06.27.2012,"20,162,318"
Canaletto,"The Bucintoro at the Molo, Venice, on Ascension Day",07.06.2005,"20,084,328"
Pablo Picasso,Le miroirREPEAT SALE,11.07.1995,"20,022,500"
Cy Twombly,Untitled,02.12.2014,"20,012,930"
Wang Meng,Landscape,06.03.2010,"20,004,392"
Pierre-Auguste Renoir,Jeune fille au chat,05.17.1990,"19,965,000"
Willem de Kooning,Untitled XXIII,11.13.2007,"19,921,000"
,Struktur,06.27.2012,"19,812,788"
Vincent van Gogh,La Roubine du Roi,05.12.1999,"19,802,500"
Fernand Léger,Les cylindres colorés,02.04.2014,"19,764,928"
Francis Bacon,Self-portrait,11.09.2011,"19,682,500"
Willem de Kooning,Abstraction,11.13.2012,"19,682,500"
Li Keran,Shaoshan-revolutionary sacred place of Chairman Mao′s former residence,05.12.2012,"19,681,484"
Francis Bacon,Study for Head of Lucian Freud,07.01.2014,"19,622,034"
Lucian Freud,Ib and her Husband,11.13.2007,"19,361,000"
Alberto Giacometti,L′homme qui chavire,11.04.2009,"19,346,500"
,Seestück,05.08.2012,"19,346,500"
Damien Hirst,Lullaby Spring,06.21.2007,"19,213,272"
Henri Matisse,La séance du matinREPEAT SALE,05.07.2014,"19,205,000"
Pablo Picasso,La Grue,05.07.2008,"19,193,000"
Willem de Kooning,Woman,05.15.2013,"19,163,750"
Edward Hopper,Blackwell′s Island,05.23.2013,"19,163,750"
Amedeo Modigliani,Jeanne hébuterne,11.02.2010,"19,122,500"
Paul Cézanne,Joueur de cartes,05.01.2012,"19,122,500"
Henri Matisse,Les PivoinesREPEAT SALE,05.01.2012,"19,122,500"
Willem de Kooning,Untitled I,05.16.2007,"19,080,000"
Qian Weicheng,Yandang mountain,06.03.2010,"19,020,568"
Auguste Rodin,"Eve, grand modèle-version sans rocherREPEAT SALE",05.06.2008,"18,969,000"
Edgar Degas,Petite danseuse de quatorze ansREPEAT SALE,02.03.2009,"18,953,890"
Paul Cézanne,Pichet et fruits sur une tableREPEAT SALE,02.03.2010,"18,825,354"
Claude Monet,NymphéasREPEAT SALE,11.05.2002,"18,709,500"
Pablo Picasso,Mere et enfant,11.15.1989,"18,700,000"
,Untitled,05.12.2014,"18,645,000"
Pablo Picasso,Les Femmes d′Alger,05.03.2005,"18,608,000"
Pablo Picasso,Portrait de Germaine,05.02.2006,"18,608,000"
Alexej Jawlensky,Schokko,02.05.2008,"18,586,402"
Alberto Giacometti,Trois hommes qui marchent IREPEAT SALE,06.25.2008,"18,585,730"
Damien Hirst,The Golden Calf,09.15.2008,"18,566,620"
Mark Rothko,White cloud,11.08.2011,"18,562,500"
Alexander Calder,Lily of Force,05.08.2012,"18,562,500"
Pablo Picasso,Tête et main de femmeREPEAT SALE,05.09.2007,"18,520,000"
Alberto Giacometti,L′homme qui chavireREPEAT SALE,05.09.2007,"18,520,000"
Juan Gris,Le pot de geraniumREPEAT SALE,05.09.2007,"18,520,000"
Henri Matisse,Nu couché vu de dos,05.03.2006,"18,496,000"
Piet Mondrian,Composition avec grille 2,02.23.2009,"18,472,162"
Amedeo Modigliani,Portrait de Paul Alexandre,06.04.2014,"18,429,952"
Andy Warhol,Silver Liz,05.11.2010,"18,338,500"
Constantin Brancusi,Danaïde,05.07.2002,"18,159,500"
Pierre-Auguste Renoir,La tasse de chocalat,11.12.1990,"18,150,000"
Roy Lichtenstein,Landscape with Figures,11.12.2014,"18,085,000"
Peter Doig,Pine House,11.12.2014,"18,085,000"
Chaïm Soutine,Le petit pâtissier,05.08.2013,"18,043,750"
Pablo Picasso,Deux personnages,11.06.2008,"18,002,500"
Pablo Picasso,Femme au chat assise dans un fauteuil,05.04.2010,"18,002,500"
Gustave Caillebotte,Le Pont d′Argenteuil et la SeineREPEAT SALE,11.02.2011,"18,002,500"
,GudrunREPEAT SALE,11.09.2011,"18,002,500"
Pablo Picasso,Le baiserREPEAT SALE,06.23.2010,"17,937,642"
Bada Shanren,Mandarin ducks and bamboo,12.13.2010,"17,808,712"
Claude Monet,"Les arceaux de roses, Giverny",06.18.2007,"17,750,766"
Thomas Moran,Green river of Wyoming,05.21.2008,"17,737,000"
Wu Guanzhong,Lion woods,06.03.2011,"17,734,596"
Amedeo Modigliani,Jeune homme roux assisREPEAT SALE,05.06.2014,"17,637,000"
Clyfford Still,PH-1033REPEAT SALE,05.13.2014,"17,525,000"
Willem de Kooning,Untitled XXIV,11.12.2014,"17,525,000"
Henri Matisse,Odalisques jouant aux dames,06.22.2010,"17,509,514"
Pierre-Auguste Renoir,La promenade,04.04.1989,"17,427,946"
Francis Bacon,Three Studies of Isabel RawsthorneREPEAT SALE,06.26.2013,"17,419,052"
Paul Cézanne,Portrait de Vallier,11.06.2007,"17,401,000"
Pablo Picasso,Le Baiser,05.07.2008,"17,401,000"
Yves Klein,IKB 1,05.14.2008,"17,401,000"
Jasper Johns,Figure 4,05.16.2007,"17,400,000"
Andy Warhol,Self-portrait,02.16.2011,"17,387,926"
Andy Warhol,Mao,11.15.2006,"17,376,000"
Mark Rothko,No. 6,11.09.2004,"17,368,000"
Paul Cézanne,Portrait de Paul Cézanne,05.07.2003,"17,367,500"
Andy Warhol,Orange Marilyn,05.14.1998,"17,327,500"
Alberto Giacometti,Trois hommes qui marchent II,06.22.2011,"17,323,920"
Pablo Picasso,Buste de Françoise,06.21.2011,"17,271,582"
Chaïm Soutine,L′Homme au Foulard RougeREPEAT SALE,02.05.2007,"17,219,550"
Pablo Picasso,Femme à la fenêtre,11.08.2012,"17,218,500"
Wassily Kandinsky,Strandszene,05.06.2014,"17,189,000"
Paul Cézanne,Pommes et serviette,11.27.1989,"17,176,764"
Damien Hirst,The Kingdom,09.15.2008,"17,159,576"
Joan Miró,La caresse des étoilesREPEAT SALE,05.06.2008,"17,065,000"
Henri Matisse,La robe persane,11.09.2000,"17,055,750"
Kasimir Severinovich Malevich,Suprematist Composition,05.11.2000,"17,052,500"
Jasper Johns,False Start,11.10.1988,"17,050,000"
Diego Rodriguez de Silva y Velasquez,Saint RufinaREPEAT SALE,07.04.2007,"16,983,140"
Yves Klein,Rélief éponge bleu,05.14.2014,"16,965,000"
,Abstraktes Bild,11.12.2014,"16,965,000"
Lucian Freud,Julie and Martin,11.12.2014,"16,965,000"
Peter Doig,Gasthof,07.01.2014,"16,948,124"
Pablo Picasso,Famille de l′Arlequin,11.14.1989,"16,940,000"
Pablo Picasso,Composition,02.05.2014,"16,938,304"
Francesco Guardi,"Venice, the Bacino di San Marco, with the Piazzetta and the Doge′s Palace",07.08.2014,"16,937,616"
Jeff Koons,Balloon flower,11.10.2010,"16,882,500"
Titian,A Sacra Conversazione: The Madonna and Child with Saints Luke and Catherine of Alexandria,01.27.2011,"16,882,500"
Jeff Koons,Pink Panther,05.10.2011,"16,882,500"
,Abstraktes Bild,05.09.2012,"16,882,500"
Pablo Picasso,Homme à la pipeREPEAT SALE,11.06.2007,"16,841,000"
Amedeo Modigliani,Jeune fille assise en chemiseREPEAT SALE,11.06.2007,"16,841,000"
Max Beckmann,Selbstbildnis mit Glaskugel,05.03.2005,"16,816,000"
Claude Monet,Le bassin aux nymphéas,05.06.2004,"16,808,000"
Paul Cézanne,Pichet et assiette de poires,05.08.2002,"16,784,500"
Cui Ruzhuo,100 works,10.05.2014,"16,726,588"
Fernand Léger,Le moteur,11.06.2001,"16,726,000"
Edgar Degas,Au Musée du Louvre,05.08.2002,"16,509,500"
Paul Cézanne,Pichet de gres,11.11.1999,"16,502,500"
Paul Cézanne,Fillette à la poupee,05.07.2001,"16,502,500"
Edouard Manet,Le banc,05.15.1990,"16,500,000"
Sanyu,Five nudes,05.30.2011,"16,493,361"
Claude Monet,La plage à TrouvilleREPEAT SALE,06.27.2000,"16,469,840"
Francis Bacon,"Study from the Human Body, Man Turning on the Light ",10.14.2007,"16,465,701"
,Kerze,10.14.2011,"16,451,346"
Roy Lichtenstein,Sunrise,11.12.2014,"16,405,000"
Mark Rothko,No 9,05.14.2003,"16,359,500"
Marc Chagall,Anniversaire,05.17.1990,"16,335,000"
Juan Gris,Le livre,02.07.2012,"16,334,115"
Max Ernst,The stolen mirror,11.01.2011,"16,322,500"
Andy Warhol,Silver Liz,11.08.2011,"16,322,500"
,Printemps nécrophiliqueREPEAT SALE,05.02.2012,"16,322,500"
Jean-Michel Basquiat,Untitled,05.10.2012,"16,322,500"
Andy Warhol,SuicideREPEAT SALE,11.13.2012,"16,322,500"
Pablo Picasso,Tête de femme,11.06.2007,"16,281,000"
Roy Lichtenstein,In the car,11.08.2005,"16,256,000"
Andy Warhol,Orange MarilynREPEAT SALE,11.15.2006,"16,256,000"
Wang Zhenpeng,Landscape,12.04.2012,"16,252,850"
Henri de Toulouse-Lautrec,Au lit: Le baiser,02.03.2015,"16,242,840"
Claude Monet,Les peupliers à Giverny,02.03.2015,"16,242,840"
Canaletto,"The old horse guards, London, from St. James′s park",04.15.1992,"16,205,742"
Li Keran,Long march,11.22.2010,"16,189,113"
Claude Monet,"Glaçons, effet blanc",11.06.2013,"16,125,000"
Francis Bacon,Head III,06.26.2013,"16,122,176"
Claude Monet,Dans la PrairieREPEAT SALE,02.04.2009,"16,044,636"
Vincent van Gogh,Vue de l′asile et de la Chapelle de Saint-Rémy,02.07.2012,"15,980,442"
George Stubbs,Brood mares and foals,12.08.2010,"15,955,138"
Amedeo Modigliani,Vénus,11.08.2006,"15,920,000"
Cui Ruzhuo,Lotus,11.29.2011,"15,894,362"
Francesco Guardi,Vue de la Giudecca et du Zattere à Venise,12.01.1989,"15,866,500"
Georges Braque,Paysage à la CiotatREPEAT SALE,05.07.2013,"15,845,000"
Claude Monet,Le pont japonais,05.07.2014,"15,845,000"
Jeff Koons,Pink Panther,11.12.2014,"15,845,000"
Henri Matisse,La fenêtre ouverte,05.04.2011,"15,762,500"
Canaletto,Venice,12.04.2013,"15,735,617"
Andy Warhol,Double Elvis,11.13.2007,"15,721,000"
,Kerze,02.27.2008,"15,709,014"
Roy Lichtenstein,Sinking Sun,05.10.2006,"15,696,000"
Willem de Kooning,Untitled XVI,05.10.2006,"15,696,000"
Andy Warhol,Sixteen Jackies,11.15.2006,"15,696,000"
,Abstraktes Bild,02.14.2012,"15,626,768"
Amedeo Modigliani,Fillette assise en robe,11.09.2000,"15,625,750"
Willem de Kooning,Woman,11.20.1996,"15,622,500"
Lucian Freud,Bruce Bernard,06.20.2007,"15,607,602"
Lucio Fontana,"Concetto spaziale, La fine di Dio",10.19.2008,"15,570,362"
Pablo Picasso,Tête de femme,06.25.2008,"15,501,631"
Norman Rockwell,Breaking Home Ties,11.29.2006,"15,416,000"
Pablo Picasso,La cage d′oiseaux,11.10.1988,"15,400,000"
Claude Monet,L′EmbarcadèreREPEAT SALE,02.03.2015,"15,399,760"
Cy Twombly,Untitled,05.14.2013,"15,397,000"
Alberto Giacometti,Femme de Venise II,06.24.2014,"15,393,048"
,Abstraktes Bild,11.14.2012,"15,314,500"
Francis Bacon,Study for a Head,02.11.2015,"15,312,942"
Auguste Rodin,"Le Penseur, Taille de la Porte dit Moyen modèle",05.07.2013,"15,285,000"
Pierre-Auguste Renoir,L′ombrelle,02.06.2013,"15,216,022"
Claude Monet,Effet de printemps à Giverny,05.05.2010,"15,202,500"
Cy Twombly,Unititled,05.11.2011,"15,202,500"
Andy Warhol,Green Disaster,11.13.2012,"15,202,500"
Domenico Zampieri,Saint John the Evangelist,12.08.2009,"15,195,602"
Takashi Murakami,My Lonesome Cowboy,05.14.2008,"15,161,000"
,Abstraktes Bild,05.14.2008,"15,161,000"
Pablo Picasso,Tête d′arlequin,05.08.2007,"15,160,000"
Amedeo Modigliani,Portrait de Jeanne Hébuterne,11.16.1998,"15,127,500"
Andy Warhol,Mustard Race Riot,11.10.2004,"15,127,500"
Henri Matisse,Nu au coussin bleu,05.04.2010,"15,090,500"
Claude Monet,La Plage à Trouville,06.25.2008,"15,061,045"
Francis Bacon,Version No. 2 of Lying Figure with Hypodermic Syringe,11.14.2006,"15,024,000"
Robert Ryman,UntitledREPEAT SALE,11.11.2014,"15,005,000"
Henri Matisse,Boléro violet,02.05.2014,"14,929,159"
,"Abstraktes Bild, 710",11.12.2008,"14,866,500"
Constantin Brancusi,Le premier cri,11.01.2011,"14,866,500"
Joan Miró,Tête humaine,05.02.2012,"14,866,500"
Henri Matisse,La pose hindoue,05.08.1995,"14,850,500"
Edouard Manet,La promenande,11.15.1989,"14,850,000"
Alberto Giacometti,Trois hommes qui marchent I,02.04.2014,"14,811,615"
Li Keran,The long march,12.03.2010,"14,793,245"
Sir Joshua Reynolds,"Portrait of Omai standing in a landscape, wearing robes and a headdress",11.29.2001,"14,749,038"
Gustav Klimt,Litzlbergerkeller am Attersee,05.13.1997,"14,742,500"
Fernand Léger,La tasse de thé,02.23.2009,"14,736,940"
Willem de Kooning,September Morn,11.12.2013,"14,725,000"
Willem de Kooning,Untitled III,11.12.2014,"14,725,000"
Zao Wou-Ki,Abstraction,12.01.2013,"14,717,804"
Henri Matisse,Odalisque grise et jaune,05.08.2007,"14,712,000"
Pablo Picasso,Mousquetaire à la pipeREPEAT SALE,05.06.2009,"14,642,500"
,Karmin,02.11.2015,"14,630,369"
Pierre-Auguste Renoir,La Loge or l′Avant-ScèneREPEAT SALE,02.05.2008,"14,612,261"
Pablo Picasso,Tête de femme,02.05.2008,"14,612,261"
Zeng Fanzhi,Hospital Triptych No. 3,11.23.2013,"14,605,770"
Jean-Michel Basquiat,Museum Security,02.13.2013,"14,603,459"
Camille Pissarro,L′HiverREPEAT SALE,11.06.2007,"14,601,000"
Alberto Giacometti,La Place II,05.06.2008,"14,601,000"
Alberto Giacometti,Portrait de Caroline,05.07.2008,"14,601,000"
,Abstraktes Bild,05.13.2008,"14,601,000"
,Overdrive,05.14.2008,"14,601,000"
Fernand Léger,Contrastes de formes,11.27.1989,"14,600,250"
Pablo Picasso,Les amantsREPEAT SALE,05.08.2007,"14,600,000"
Claude Monet,"Le Parlement, soleil couchantREPEAT SALE",05.10.2001,"14,580,750"
Claude Monet,La Seine à ArgenteuilREPEAT SALE,06.23.2014,"14,529,965"
Henri de Toulouse-Lautrec,Danseuse assise aux bas roses,05.12.1997,"14,522,500"
Pablo Picasso,Nu couché,11.10.1997,"14,522,500"
Henri Matisse,Harmonie jaune,11.11.1992,"14,520,000"
Piet Mondrian,"Composition with red, yellow and blueREPEAT SALE",06.19.2013,"14,517,826"
Valentin Aleksandrovich Serov,Portrait of Maria Zetlin,11.24.2014,"14,513,192"
Peter Doig,Country-rock,06.30.2014,"14,460,966"
Fu Baoshi,Composition of Dufu′s poem,06.03.2012,"14,440,886"
,Zwei Liebespaare,02.06.2008,"14,382,715"
Unkei,A wood sculpture of Dainichi Nyorai,03.18.2008,"14,377,000"
Fernand Léger,Les Usines,05.08.2007,"14,320,000"
Gustave Caillebotte,"L′homme au balcon, boulevard Haussmann",05.08.2000,"14,306,000"
Alberto Giacometti,Grande femme debout IREPEAT SALE,11.08.2000,"14,306,000"
Mark Rothko,Yellow over purple,05.17.2000,"14,305,750"
Claude Monet,"Meules, derniers rayons de soleil",06.26.2001,"14,304,790"
Henri Matisse,La Mulatresse Fatma,05.11.1993,"14,302,500"
Claude Monet,"Le Parlement, coucher de soleil",05.10.1989,"14,300,000"
Qi Baishi,Flowers and birds,05.22.2011,"14,169,105"
Donald Judd,Untitled,11.12.2013,"14,165,000"
Christopher Wool,UntitledREPEAT SALE,11.12.2014,"14,165,000"
Giorgio de Chirico,Il Ritornante,02.23.2009,"14,162,291"
Claude Monet,Nymphéas avec reflets de hautes herbes,02.05.2013,"14,150,865"
Piero Manzoni,AchromeREPEAT SALE,05.15.2013,"14,123,750"
André Derain,Barques au port de collioure,11.04.2009,"14,082,500"
Roy Lichtenstein,Ice cream soda,11.09.2010,"14,082,500"
Francis Bacon,Figure in movement,11.09.2010,"14,082,500"
,Abstraktes BildREPEAT SALE,11.09.2011,"14,082,500"
Willem de Kooning,Untitled I,05.08.2012,"14,082,500"
Paul Signac,Cassis Cap Canaille,11.06.2007,"14,041,000"
Clyfford Still,1946,05.13.2008,"14,041,000"
Henri Matisse,La serpentine - Femme à la stele - L′araignee,05.10.2000,"14,030,750"
Edward Hopper,Chair Car,05.11.2005,"14,016,000"
Claude Monet,NymphéasREPEAT SALE,11.01.2005,"14,016,000"
Frans Hals I,"Portrait of Willem van Heythuysen, seated on a chair and holding a hunting cropREPEAT SALE",07.09.2008,"14,007,842"
Jin Shangyi,Tajik bride,11.16.2013,"13,967,305"
El Greco,Saint Dominic in prayer,07.03.2013,"13,907,516"
Wassily Kandinsky,Der bär,02.08.2012,"13,883,477"
Paul Signac,"La Corne d′Or, ConstantinopleREPEAT SALE",02.07.2012,"13,858,400"
Alberto Giacometti,Homme traversant une place par un matin de soleil,02.05.2014,"13,833,261"
Chaïm Soutine,Le boeuf écorché,02.06.2006,"13,829,075"
Kees van Dongen,Jeune Arabe,11.04.2009,"13,802,500"
Amedeo Modigliani,Jeanne Hébuterne au collier,05.05.2010,"13,802,500"
Claude Monet,Le Givre à Giverny,02.05.2013,"13,798,715"
Joan Miró,L′Oiseau au plumage déployé vole vers l′arbre argentéREPEAT SALE,02.04.2015,"13,794,001"
Marc Chagall,Le grand cirque,05.08.2007,"13,760,000"
Alberto Giacometti,Grande tête de Diego,05.08.2002,"13,759,500"
Henri Matisse,La vis,11.03.1993,"13,752,500"
Pierre-Auguste Renoir,Jeune fille au chapeau garni de fleurs des champs,05.09.1989,"13,750,000"
Joan Miró,Peinture,11.07.2012,"13,746,500"
Pablo Picasso,Nu jaune,11.02.2005,"13,736,000"
Sir Anthony van Dyck,Self portrait,12.09.2009,"13,719,733"
Pablo Picasso,Le peintre et son modèle,06.19.2006,"13,698,880"
Lodovico Carracci,Salmacis and Hermaphroditus,07.06.2006,"13,653,000"
Sir Peter Paul Rubens,Portrait of a commander being dressed for battle,07.06.2010,"13,631,493"
Zhou Zhimian,Flowers,12.04.2010,"13,616,510"
Pablo Picasso,Sylvette,05.07.2013,"13,605,000"
Titian,Venus and Adonis,12.13.1991,"13,553,180"
Edgar Degas,Les blanchisseuses,11.30.1987,"13,538,462"
Jean-Michel Basquiat,Untitled,11.12.2008,"13,522,500"
Pablo Picasso,Le Viol,11.08.2012,"13,522,500"
Richard Diebenkorn,Ocean Park # 48,11.14.2012,"13,522,500"
Andy Warhol,Mao,11.15.2012,"13,522,500"
Claude Monet,"Antibes, vue du Plateau Notre-DameREPEAT SALE",06.23.2014,"13,481,718"
Pierre-Auguste Renoir,Les deux soeurs,02.05.2007,"13,475,143"
Pablo Picasso,Tête et main de femme,05.04.2005,"13,456,000"
Pablo Picasso,Plant de tomates,11.08.2006,"13,456,000"
Pablo Picasso,Femme assise,06.20.2012,"13,423,471"
Pablo Picasso,Tête,02.03.2015,"13,376,368"
Pablo Picasso,Mousquetaire et nu assis,06.18.2007,"13,322,958"
Francis Bacon,Crouching nude,06.29.2011,"13,310,974"
Vincent van Gogh,Parc de l′hôpital Saint-Paul,06.23.2010,"13,302,947"
Qi Baishi,Ode to the morher country,12.03.2012,"13,286,904"
Lucio Fontana,"Concetto spaziale, Attesa",02.06.2008,"13,279,459"
Joan Miró,Femme rêvant de l�évasion,02.05.2013,"13,270,489"
,Matrosen,11.09.2010,"13,242,500"
Rembrandt Harmensz van Rijn,A man in a gorget and cap,07.03.2012,"13,234,192"
Alberto Giacometti,La forêt,05.07.2002,"13,209,500"
Willem de Kooning,Orestes,11.12.2002,"13,209,500"
Claude Monet,Antibes vue de la salisREPEAT SALE,02.03.2015,"13,207,752"
Vincent van Gogh,Jeune homme à la casquette,05.11.1995,"13,202,500"
Claude Monet,Le jardin de l′artiste a Vetheuil,11.13.1996,"13,202,500"
Claude Monet,Nymphéas,11.13.1996,"13,202,500"
Pierre-Auguste Renoir,La LiseuseREPEAT SALE,05.07.2001,"13,202,500"
,Abstraktes Bild,02.13.2013,"13,202,115"
George Stubbs,Tygers at play,07.09.2014,"13,185,991"
Willem de Kooning,Sail Cloth,05.11.2005,"13,120,000"
Qian Long,An old cypress,12.04.2010,"13,112,195"
Wu Zuoren,The yellow blooms on the battlefield smell sweeter,05.10.2013,"13,102,000"
Joan Miró,Le coqREPEAT SALE,06.18.2007,"13,101,568"
Pablo Picasso,Buste de femme,11.07.2012,"13,074,500"
Andy Warhol,Mercedes-Benz W 196 R Grand Prix Car,11.12.2013,"13,045,000"
Pablo Picasso,Deux femmes et enfant,05.06.2014,"13,045,000"
Alberto Giacometti,La placeREPEAT SALE,05.07.2014,"13,045,000"
Claude Monet,L′entrée de Giverny en hiver,02.08.2012,"13,009,550"
Marc Chagall,Les trois acrobates,05.08.2013,"13,003,750"
Henri de Toulouse-Lautrec,"Fille a la fourrure, mademoiselle Jeanne Fontaine",05.15.1990,"12,980,000"
,The Temple of Jupiter Panellenius Restored,01.29.2009,"12,962,500"
,Zwei Kerzen,11.10.2010,"12,962,500"
Fra Bartolommeo,The Madonna and Child,01.30.2013,"12,962,500"
René Magritte,Le beau monde,02.05.2014,"12,920,013"
Ernst Ludwig Kirchner,Dodo mit grossem Fächer,05.09.2007,"12,920,000"
Pablo Picasso,"Tête de femme, Jacqueline",02.02.2010,"12,916,526"
Henri Matisse,Figure décorativeREPEAT SALE,11.07.2006,"12,896,000"
Pablo Picasso,Femmes à la fontaine,11.08.2006,"12,896,000"
Canaletto,"The Molo, Venice, from the Bacino di San Marco",07.02.2013,"12,876,435"
,Abstraktes Bild,02.12.2013,"12,846,624"
Jean-Michel Basquiat,Palm Springs Jump,02.06.2008,"12,838,157"
Bernardo Bellotto,Rome: The Forum with the Temple of Castor and Pollux; and The Temple of Antoninus and Faustina in the Forum ,12.07.2006,"12,814,831"
Lucio Fontana,"Concetto spaziale, attese",02.10.2015,"12,768,454"
Jean-Michel Basquiat,Irony of Negro Policeman,06.28.2012,"12,737,263"
Alberto Giacometti,Femme de Venise IVREPEAT SALE,05.06.2014,"12,709,000"
Constantin Brancusi,ProméthéeREPEAT SALE,05.02.2012,"12,682,500"
Paul Gauguin,Incantation,06.23.2003,"12,679,421"
René Magritte,L′Empire des lumières,05.07.2002,"12,659,500"
Rembrandt Harmensz van Rijn,Portrait of a bearded man in a red doubletREPEAT SALE,01.26.2001,"12,656,000"
Joan Miró,Portrait de Mme K.,11.06.2001,"12,656,000"
Henri Matisse,Figure decorative,05.10.2001,"12,655,750"
Paul Cézanne,Les toits de l′Estaque,05.12.1997,"12,652,500"
Paul Cézanne,Compotier et assiette de biscuits,11.06.2007,"12,641,000"
Andy Warhol,Liz,05.10.2005,"12,616,000"
Wassily Kandinsky,Schwarz und Violett,11.05.2013,"12,597,000"
Joan Miró,Le serpent à coquelicots traînant sur un champ de violettes peuplé par des lézards en deuilREPEAT SALE,05.06.2014,"12,485,000"
Thomas Moran,The Grand Canyon of the ColoradoREPEAT SALE,05.22.2014,"12,485,000"
Andy Warhol,MaoREPEAT SALE,02.12.2014,"12,466,895"
Edgar Degas,La Sortie du bain,06.19.2006,"12,454,874"
Amedeo Modigliani,Nu assis au collier,05.10.1995,"12,432,500"
Yves Klein,Anthropométrie Le buffle,05.11.2010,"12,402,500"
Willem de Kooning,Untitled VIREPEAT SALE,05.10.2012,"12,402,500"
Constantin Brancusi,Une museREPEAT SALE,11.07.2012,"12,402,500"
,Kegel,11.15.2012,"12,402,500"
Andy Warhol,Nine JackiesREPEAT SALE,11.15.2012,"12,402,500"
Egon Schiele,Liebespaar,02.05.2013,"12,390,113"
Henri Matisse,"Femme a L′Ombrelle rouge, assise de profil",10.18.1989,"12,375,000"
Paul Gauguin,Nature morte aux fruits et piments,11.06.2007,"12,361,000"
Andy Warhol,Self-Portrait,11.14.2007,"12,361,000"
Pablo Picasso,"Partition, Guitare, CompotierREPEAT SALE",05.06.2008,"12,361,000"
Fernand Léger,Les maisons dans les arbres,02.06.2007,"12,346,792"
Michelangelo,The Risen Christ,07.04.2000,"12,320,348"
Pierre-Auguste Renoir,Femmes dans un jardinREPEAT SALE,11.07.2007,"12,249,000"
Edgar Degas,"Après le bain, femme s�essuyant",02.05.2013,"12,214,038"
Mark Rothko,UntitledREPEAT SALE,05.14.2014,"12,205,000"
Pablo Picasso,Femme au béret orange et au col de fourrure,11.05.2013,"12,149,000"
Zhang Xiaogang,Bloodline: Big family no. 3REPEAT SALE,04.05.2014,"12,144,809"
Claude Monet,Champ de blé,11.08.2012,"12,122,500"
Claude Monet,"La Cathédrale de Rouen, effet d′après-midi",06.26.1995,"12,107,656"
Pablo Picasso,Garçon à la collerette,11.07.1995,"12,102,500"
Claude Monet,Le Grand CanalREPEAT SALE,05.13.1998,"12,102,500"
Claude Monet,Le bassin aux nymphéas,11.11.1992,"12,100,000"
Mark Rothko,Untitled,11.14.2007,"12,081,000"
Willem de Kooning,Untitled IV,05.13.2008,"12,081,000"
Nikolai Konstantinovich Roerich,Madonna Laboris,06.05.2013,"12,065,406"
Attributed To Aqa Mirak,Faridun in the guise of a dragon tests his sons,04.06.2011,"12,039,635"
Jean-Michel Basquiat,Untitled,11.12.2013,"12,037,000"
Pablo Picasso,Mère et enfant,05.11.1995,"11,992,500"
Claude Monet,Meule,05.11.1999,"11,992,500"
Peter Doig,The Architect′s Home in the RavineREPEAT SALE,02.13.2013,"11,975,939"
,Wolke,02.12.2013,"11,965,128"
Peter Doig,Road House,05.12.2014,"11,925,000"
Joan Mitchell,Untitled,05.13.2014,"11,925,000"
Amedeo Modigliani,Jeune fille au béret,02.06.2007,"11,907,236"
Edgar Degas,Petite danseuse de quatorze ansREPEAT SALE,11.12.1996,"11,882,500"
Auguste Rodin,Le Penseur. Taille de la Porte dit Moyen modèleREPEAT SALE,05.05.2010,"11,842,500"
Roy Lichtenstein,Sailboats IIIREPEAT SALE,05.09.2012,"11,842,500"
Pablo Picasso,La statuaire,11.10.1999,"11,827,500"
Fernand Léger,"Etude pour les constructeurs, fond bleu",11.06.2007,"11,801,000"
Pablo Picasso,Homme à la pipe,11.07.2007,"11,801,000"
Jeff Koons,Diamond,11.13.2007,"11,801,000"
Jean-Michel Basquiat,Untitled,11.14.2007,"11,801,000"
Jeff Koons,"New Hoover Convertibles, New Shelton Wet/Drys 5-Gallon, Double Decker",05.13.2008,"11,801,000"
Paul Cézanne,Les grands arbres au Jas de BouffanREPEAT SALE,05.04.2005,"11,776,000"
Andy Warhol,Small Torn Campbell′s Soup Can,05.09.2006,"11,776,000"
Pablo Picasso,Nu accroupi,05.06.2004,"11,768,000"
Vincent van Gogh,L′allée des Alyscamps,11.04.2003,"11,767,500"
Wu Guanzhong,Former residence if Qiu Jin,12.03.2011,"11,754,068"
Chaïm Soutine,Le valet de chambre,06.22.2010,"11,693,411"
Georges Seurat,"étude pour une baignade, Asnières",02.03.2015,"11,690,208"
Claude Monet,Nymphéas,05.06.2008,"11,689,000"
Paul Signac,Arrière du Tub,05.09.2007,"11,688,000"
Gustav Klimt,Dame mit facher,05.11.1994,"11,662,500"
Jackson Pollock,"Number 12, 1949REPEAT SALE",05.11.2004,"11,655,500"
Jan Brueghel the Elder,The Garden of Eden with the fall of man,07.09.2014,"11,651,322"
Andy Warhol,Brigitte Bardot,11.11.2014,"11,645,000"
Tang Yin,Landscape,06.03.2013,"11,622,978"
Zhang Daqian,Lady red whisk,05.10.2013,"11,604,628"
,Abstraktes Bild,02.15.2011,"11,595,358"
Domenico Gnoli,Black Hair,02.13.2014,"11,594,428"
Ernst Ludwig Kirchner,Das boskett: Albertplatz in Dresden,02.08.2012,"11,591,003"
Pierre Bonnard,Terrasse à Vernon,02.09.2011,"11,590,311"
Jeff Koons,Aqualung,05.12.2014,"11,589,000"
Henri Matisse,L′artiste et le modèle nu,06.24.2014,"11,579,896"
,Portrait d′Alfred et Elisabeth Dedreux,02.23.2009,"11,576,368"
Paul Cézanne,Le château noir,11.19.1998,"11,552,500"
Jackson Pollock,"Number 8, 1950",05.02.1989,"11,550,000"
Vincent van Gogh,Carriere pres de Saint-Remy,11.15.1989,"11,550,000"
Edgar Degas,Petite danseuse de quatorze ans,06.27.2000,"11,530,460"
Pablo Picasso,Homme à lépée,06.24.2009,"11,524,964"
Pablo Picasso,Nu accroupi,02.06.2013,"11,516,326"
Alberto Giacometti,Trois hommes qui marchent IREPEAT SALE,11.06.2008,"11,506,500"
Giacomo Balla,Automobile in Corsa,11.06.2013,"11,477,000"
Marc Chagall,Le violoncelliste,02.05.2014,"11,458,816"
Leonardo da Vinci,Horse and rider,07.10.2001,"11,458,773"
Andrea del Sarto,"Head of Saint Joseph looking down, with a subsidiary study of his features",07.05.2005,"11,436,610"
Amedeo Modigliani,Les deux fillesREPEAT SALE,02.04.2015,"11,431,338"
Pompeo Girolamo Batoni,Susanna and the Elders,01.31.2013,"11,394,500"
Rembrandt Harmensz van Rijn,Self-portrait with shaded eyes,07.10.2003,"11,381,592"
Andy Warhol,Flowers,11.13.2013,"11,365,000"
Pierre-Auguste Renoir,Jeunes filles jouant au volant,05.06.2014,"11,365,000"
Jackson Pollock,"Number 5, 1951 Elegant Lady"";1951""",05.13.2014,"11,365,000"
Andy Warhol,12 Mona Lisas,05.14.2014,"11,365,000"
Jean-Michel Basquiat and Andy Warhol,Zenith,05.15.2014,"11,365,000"
Pablo Picasso,Homme assis,11.04.2014,"11,365,000"
Andy Warhol,Self-portrait,11.11.2014,"11,365,000"
Andy Warhol,Self-PortraitREPEAT SALE,11.12.2014,"11,365,000"
Andy Warhol,Five Deaths on Orange,11.12.2014,"11,365,000"
Robert Ryman,Link,11.12.2014,"11,365,000"
Edouard Manet,Bouquet de pivoines,06.22.2010,"11,361,062"
Egon Schiele,Selbstbildnis mit Kariertem Hemd,11.07.2007,"11,353,000"
Amedeo Modigliani,Garçon à la veste bleueREPEAT SALE,06.21.2004,"11,333,824"
Egon Schiele,Selbstbildnis mit Modell,05.08.2013,"11,323,750"
René Magritte,Les jours gigantesques,06.20.2012,"11,314,197"
Egon Schiele,Porträt des Malers Anton PeschkaREPEAT SALE,02.05.2001,"11,312,041"
Kees van Dongen,La gitane,02.02.2010,"11,310,178"
Claude Monet,"Santa Maria della salute et le grand canal, Venise",04.04.1989,"11,309,624"
Peter Doig,Jetty,06.25.2013,"11,302,082"
,Abstraktes BildREPEAT SALE,11.09.2010,"11,282,500"
Paul Gauguin,Jeune tahitienne,05.03.2011,"11,282,500"
Alexej Jawlensky,Frau mit grünem Fächer,05.03.2011,"11,282,500"
Alberto Giacometti,La Jambe,11.07.2012,"11,282,500"
Pablo Picasso,Femme au chapeau,02.04.2008,"11,268,375"
Peter Doig,White Canoe,02.07.2007,"11,259,368"
Canaletto,Le retour du bucentaure le jour de l′ascension,12.15.1993,"11,259,300"
Alberto Giacometti,Annette au manteau,11.06.2007,"11,241,000"
,Düsenjäger,11.13.2007,"11,241,000"
Jean-Michel Basquiat,Untitled,05.15.2008,"11,241,000"
Claude Monet,"Nymphéas, temps gris",05.02.2006,"11,216,000"
Egon Schiele,Kniender Halbakt nach links gebeugt,11.08.2006,"11,216,000"
Willem de Kooning,Spike′s Folly I,11.12.2003,"11,208,000"
Vincent van Gogh,Le pont de TrinquetailleREPEAT SALE,11.03.2004,"11,207,500"
Zhang Daqian,Fairy scattering flowers,12.03.2010,"11,178,986"
Pablo Picasso,La maternité,11.27.1989,"11,164,897"
Andy Warhol,Three Marilyns,06.20.2007,"11,159,634"
Canaletto,"The Campo Santi Giovanni e Paolo, Venice, with the west end of the church and the Scuola di San Marco",12.13.2000,"11,155,155"
Claude Monet,"Le pont japonais, bassin aux nymphéas",11.28.1988,"11,154,130"
Andy Warhol,Mao,06.28.2011,"11,146,363"
Pablo Picasso,Femme nue couchée au collierREPEAT SALE,05.06.2014,"11,141,000"
John Singer Sargent,Cashmere,12.05.1996,"11,112,500"
Richard Diebenkorn,Ocean Park No. 46,05.14.2013,"11,085,000"
Alberto Giacometti,Buste,02.05.2008,"11,079,692"
,Studio painting,05.11.2010,"11,058,500"
Franz Kline,De Medici,11.14.2012,"11,058,500"
Kees van Dongen,L�Ouled Naïl,02.04.2008,"11,048,217"
Pablo Picasso,Homme assis au fusil,02.04.2008,"11,048,217"
Bernardo Bellotto,"The Grand Canal at the Church of San Stae, Venice",04.19.2007,"11,016,000"
Joan Miró,Paysage sur les bords du fleuve amour,11.06.2001,"11,006,000"
Mark Rothko,No.2,11.14.2000,"11,005,750"
Edgar Degas,Danseuses,05.13.1997,"11,002,500"
Pablo Picasso,Les femmes d′Alger,11.10.1997,"11,002,500"
Paul Cézanne,L′Estaque vu à travers les pins,11.16.1998,"11,002,500"
Pablo Picasso,Femme nue,11.17.1998,"11,002,500"
Claude Monet,Les Trois Peupliers Temps Gris,11.11.1999,"11,002,500"
Paul Gauguin,Entre Les Lys,11.15.1989,"11,000,000"
Henri Matisse,L′Asie,11.10.1992,"11,000,000"
Zao Wou-Ki,15.01.82,10.05.2013,"10,992,327"
Berthe Morisot,Après le déjeunerREPEAT SALE,02.06.2013,"10,987,798"
Joan Miró,PeintureREPEAT SALE,05.08.2013,"10,987,750"
,"The Blue Rigi: Lake of Lucerne, Sunrise",06.05.2006,"10,978,740"
Pablo Picasso,Femme au chien,06.20.2012,"10,962,651"
Henri Matisse,Robe jaune et robe arlequin,11.02.2005,"10,936,000"
Jasper Johns,0 Through 9REPEAT SALE,11.09.2004,"10,928,000"
Brice Marden,The attended,11.13.2013,"10,917,000"
Natalia Sergeevna Goncharova,Les fleurs,06.24.2008,"10,883,776"
Pablo Picasso,Mousquetaire. Buste,06.25.2008,"10,875,482"
Li Keran,Jinggang Mountains,11.26.2013,"10,851,253"
Nikolai Fechin,The little cowboy,12.02.2010,"10,844,128"
Andy Warhol,Self-Portrait,07.01.2014,"10,836,329"
Edvard Munch,Summer Day,02.07.2006,"10,835,326"
Maurice de Vlaminck,LES PECHEURS A NANTERRE,03.25.1990,"10,808,900"
Roy Lichtenstein,Woman with Peanuts,11.11.2013,"10,805,000"
Jean-Michel Basquiat,Blue HeadsREPEAT SALE,11.12.2013,"10,805,000"
René Magritte,Les chasseurs au bord de la nuit,02.04.2014,"10,775,583"
Pieter Brueghel II,The Battle between Carnival and LentREPEAT SALE,12.06.2011,"10,747,701"
Jean-Michel Basquiat,Untitled,02.12.2013,"10,731,033"
Edgar Degas,Danseuses,11.03.2009,"10,722,500"
Pablo Picasso,Le peintre et son modèle,05.04.2010,"10,722,500"
,Spider,11.08.2011,"10,722,500"
Andy Warhol,Ten-Foot Flowers,05.09.2012,"10,722,500"
Johannes,Saint Praxedis,07.08.2014,"10,699,021"
,Pope′s Villa at Twickenham,07.09.2008,"10,692,026"
Mark Rothko,Untitled,11.13.2007,"10,681,000"
Tom Wesselmann,Great American Nude no. 48,05.14.2008,"10,681,000"
,Photograph,05.15.2007,"10,680,000"
Gino Severini,Ritmo astratto di madame M.S.,02.03.2015,"10,678,512"
Amedeo Modigliani,Paul GuillaumeREPEAT SALE,06.18.2013,"10,657,038"
Willem de Kooning,Untitled,11.08.2005,"10,656,000"
Pablo Picasso,Le FumeurREPEAT SALE,11.07.2006,"10,656,000"
Willem de Kooning,Untitled XXX,11.14.2006,"10,656,000"
Edgar Degas,Danseuse,05.06.2003,"10,648,000"
Christopher Wool,Untitled,07.01.2014,"10,645,335"
Wassily Kandinsky,"Murnau - Ansicht mit Burg, Kirche und Eisenbahn",02.06.2013,"10,635,446"
Andy Warhol,Brigitte Bardot,02.08.2007,"10,633,358"
Franz Marc,Kinderbild,06.24.2014,"10,626,608"
André Derain,"Bateaux dans le port, Collioure",06.26.1989,"10,614,035"
Wassily Kandinsky,Krass und mild,11.04.2009,"10,610,500"
Pablo Picasso,"Couple, le baiserREPEAT SALE",06.22.2011,"10,602,766"
Henri Matisse,Nu au bord de la mer,02.23.2009,"10,570,731"
Johann Joseph Zoffany,"The garden at Hampton house, with Mr. and Mrs. David Garrick taking tea",12.07.2011,"10,562,425"
Jean-Michel Basquiat and Andy Warhol,Olympics,06.28.2012,"10,552,283"
Thomas Gainsborough,"Portrait of Mrs. William Villebois in masquerade dress, with a blue gown and a lace-edged satin skirt, holding a diaphanous wrap, beside a pilaster",07.05.2011,"10,516,474"
Shi Tao,Arhat,12.05.2011,"10,474,904"
Andy Warhol,Little Electric Chair,05.12.2014,"10,469,000"
Paul Cézanne,Environs de GardanneREPEAT SALE,05.07.2008,"10,457,000"
Henri Matisse,Nu couche I,05.07.2001,"10,452,500"
Sandro Botticelli,The Rockefeller Madonna: Madonna and Child with Young Saint John the BaptistREPEAT SALE,01.30.2013,"10,442,500"
Claude Monet,NymphéasREPEAT SALE,11.05.2003,"10,424,000"
Sanyu,Potted chrysanthemums,04.05.2014,"10,412,046"
Claude Monet,Le Palais DarioREPEAT SALE,11.07.2007,"10,401,000"
Paul Gauguin,Le vallon,06.21.2011,"10,389,629"
Pablo Picasso,Buste D′Homme,11.04.2009,"10,386,500"
Alexander Calder,Snow Flurry,05.08.2012,"10,386,500"
Andy Warhol,MaoREPEAT SALE,05.10.2012,"10,386,500"
Edward Hopper,Bridle Path,05.17.2012,"10,386,500"
Rembrandt Harmensz van Rijn,Portrait of a Girl Wearing a Gold-Trimmed Cloak,12.01.1986,"10,381,800"
Egon Schiele,Portrait of the Art Dealer Guido Arnot,10.18.2000,"10,377,920"
Zhang Daqian,Lotus,05.28.2013,"10,370,055"
René Magritte,Le prêtre Marié,02.06.2007,"10,368,793"
Claude Monet,Au Parc MonceauREPEAT SALE,06.23.2009,"10,360,044"
Andrew Wyeth,Ericksons,05.24.2007,"10,344,000"
Vincent van Gogh,Intérieur d′un Restaurant,04.30.1996,"10,342,500"
Joan Miró,L′Air,11.03.2010,"10,330,500"
Paul Cézanne,Pommes et gâteaux,11.01.2005,"10,320,000"
Vincent van Gogh,La moisson en ProvenceREPEAT SALE,11.05.2003,"10,312,000"
Edgar Degas,Petite danseuse de quatorze ansREPEAT SALE,05.07.2003,"10,311,500"
Zao Wou-Ki,16.5.66.,10.05.2013,"10,270,165"
Chen Yifei,Red flag 1,10.05.2013,"10,270,165"
Lucio Fontana,"Concetto spaziale, Attese",07.01.2014,"10,263,348"
Alberto Giacometti,Femme de Venise VREPEAT SALE,02.04.2015,"10,250,007"
Vincent van Gogh,Jardin à Auvers,12.06.1992,"10,245,900"
Richard Diebenkorn,Ocean park #20REPEAT SALE,05.14.2014,"10,245,000"
Cy Twombly,Untitled,05.14.2014,"10,245,000"
Willem de Kooning,Montauk IIIREPEAT SALE,05.14.2014,"10,245,000"
Andy Warhol,Flowers,05.15.2014,"10,245,000"
Natalia Sergeevna Goncharova,Espagnole,02.02.2010,"10,239,278"
Andy Warhol,Silver Liz,06.30.2010,"10,189,880"
Zhang Xiaogang,Forever lasting love,04.03.2011,"10,164,566"
Philip Guston,Beggar′s Joys,11.11.2008,"10,162,500"
Hendrick ter Brugghen,Bagpipe Player in Profile,01.30.2009,"10,162,500"
Peter Doig,Reflection,11.10.2009,"10,162,500"
Georges Braque,La Treille,05.04.2010,"10,162,500"
Pierre-Auguste Renoir,"Femme nue couchée, Gabrielle",05.04.2010,"10,162,500"
Roy Lichtenstein,Untitled composition,05.11.2010,"10,162,500"
René Magritte,Les vacances de Hegel,11.01.2011,"10,162,500"
Donald Judd,Untitled,11.14.2012,"10,162,500"
Jean-Michel Basquiat,Humidity,11.15.2012,"10,162,500"
Henri de Toulouse-Lautrec,Au bal de l′opéra,11.06.2007,"10,121,000"
Henri Matisse,Espagnole,11.07.2007,"10,121,000"
Lyonel Feininger,Die Grüne Brücke,11.07.2007,"10,121,000"
Fernand Léger,Les femmes à la toiletteREPEAT SALE,05.06.2008,"10,121,000"
Alberto Giacometti,Femme de Venise VIII,05.07.2008,"10,121,000"
Piero Manzoni,Achrome,05.14.2008,"10,121,000"
Maurice de Vlaminck,La Seine à ChatouREPEAT SALE,02.04.2002,"10,115,597"
Mark Rothko,Untitled,05.11.2005,"10,096,000"
Francis Bacon,Study for a Pope I,11.08.2005,"10,096,000"
Pablo Picasso,Arlequin au baton,05.03.2006,"10,096,000"
Willem de Kooning,Untitled,05.09.2006,"10,096,000"
Paul Cézanne,Portrait de femme,11.03.2004,"10,087,500"
Huang Binhong,View of south peak,05.18.2014,"10,054,544"
Francis Bacon,Two Men Working in a Field,06.20.2007,"10,047,642"
,Wolken,10.13.2014,"10,037,940"
Dong Qichang,Fuchun mountains after Huang Gongwang,10.29.2012,"10,036,350"
John William Waterhouse,"St Cecilia ′In a clear walled city on the sea, Near gilded organ pipes",06.14.2000,"9,960,407"
Wassily Kandinsky,Studie für Herbstlandschaft mit Booten,06.19.2013,"9,955,595"
Cui Ruzhuo,Snowy Mountains,05.28.2013,"9,937,272"
Joan Miró,Femme,02.06.2013,"9,930,742"
Alberto Giacometti,Stèle III,11.05.2014,"9,909,000"
Claude Monet,Nymphéas,05.09.2001,"9,906,000"
Bruce Nauman,Henry Moore bound to fail,05.17.2001,"9,906,000"
Egon Schiele,Haut mit trockender Wäsche,11.05.2001,"9,906,000"
Pablo Picasso,Compotier et guitareREPEAT SALE,05.10.2000,"9,905,750"
Amedeo Modigliani,Portrait de Jeanne Hébuterne assise dans un fauteuil,11.16.1998,"9,902,500"
Vincent van Gogh,Paysage au soleil levant,04.24.1985,"9,900,000"
Marc Chagall,Au Dessus de la ville,05.15.1990,"9,900,000"
Fernand Léger,Les Maisons sous les Arbres,11.14.1990,"9,900,000"
Jean-Michel Basquiat,Untitled,11.13.2007,"9,897,000"
Joan Miró,Projet pour un monument,05.09.2007,"9,896,000"
Peter Doig,Red boat,06.28.2011,"9,895,335"
Pablo Picasso,Le Repos,05.01.2012,"9,882,500"
Clyfford Still,1948-H,11.13.2012,"9,882,500"
Jean-Michel Basquiat,Grillo,06.22.2007,"9,857,406"
Pablo Picasso,Famille d′arlequin,05.08.2007,"9,840,000"
Donald Judd,"Untitled, 1977",05.16.2007,"9,840,000"
Xu Beihong,Riding a donkey in spring,06.03.2010,"9,838,225"
Henri Matisse,Nu à la chaise longue,06.23.2010,"9,826,927"
Andy Warhol,Four Campbell′s soup cans,11.08.2011,"9,826,500"
,Abstract Painting,11.14.2007,"9,785,000"
Natalia Sergeevna Goncharova,Picking apples,06.18.2007,"9,780,712"
Claude Monet,Le pont de bois,06.19.2013,"9,780,125"
Willem de Kooning,Untitled XVIIREPEAT SALE,05.15.2013,"9,755,750"
Edgar Degas,Danseuse rajustant sa sandaleREPEAT SALE,02.05.2008,"9,754,978"
Wu Guanzhong,Shrubalthea,06.03.2011,"9,754,028"
Pablo Picasso,Nu couché,11.05.2003,"9,752,000"
Giovanni da Rimini,Episodes from the lives of the Virgin and other saints,07.09.2014,"9,732,986"
Paul Signac,"La Corne d′Or, les minarets",06.20.2012,"9,732,242"
Pablo Picasso,Homme assis,06.19.2012,"9,726,661"
Canaletto,"Venice, the entrance to the Grand Canal, with the Church of Santa Maria Della Salute seen from the Piazzetta; Venice, a view of the Church of SS. Giovanni E Paolo and the Scuola di San Marco, with the monument to Bartolommeo Colleoni",12.05.2007,"9,716,879"
Pablo Picasso,Homme assis sur une chaise,02.02.2010,"9,703,829"
Sir Stanley Spencer,Christ Preaching at Cookham Regatta: Conversation Between Punts,11.20.2013,"9,693,998"
Pablo Picasso,Buste d′homme,05.07.2013,"9,685,000"
Paul Gauguin,Petit Breton à l′oieREPEAT SALE,11.06.2013,"9,685,000"
Claude Monet,La jetee du havre,05.12.1993,"9,682,500"
Alexander Calder,Rouge triomphant,06.27.2012,"9,676,430"
Edward Hicks,The Peaceable Kingdom with the Leopard of Serenity,05.22.2008,"9,673,000"
Zeng Fanzhi,Mask Series 1996 No. 6,05.24.2008,"9,662,114"
Robert Ryman,Untitled,05.10.2006,"9,648,000"
Willem de Kooning,Woman,11.15.2006,"9,648,000"
Alberto Giacometti,Grande femme debout IV,11.05.2003,"9,640,000"
Piet Mondrian,Façade in tan and grey,11.15.1989,"9,625,000"
Brice Marden,Cold mountain I,05.12.2010,"9,602,500"
Mark Rothko,No. 18,11.10.2010,"9,602,500"
Pablo Picasso,Couple à la guitare,05.03.2011,"9,602,500"
Francis Bacon,Untitled,05.11.2011,"9,602,500"
Claude Monet,Les demoiselles de Giverny,05.01.2012,"9,602,500"
Edward Hopper,October on Cape Cod,11.28.2012,"9,602,500"
Frans Hals I,"Portrait of Samuel Ampzing, half length",12.05.2007,"9,601,704"
Pablo Picasso,Femme assise dans un fauteuilREPEAT SALE,06.18.2013,"9,601,058"
Zhang Daqian,Children playing under a pomegranate tree,05.31.2011,"9,583,530"
Qi Baishi,Grass and insects,06.03.2011,"9,576,682"
Giovanni Segantini,Primavera sulle alpi,11.09.1999,"9,572,500"
Henri Matisse,Le Géranium,05.07.2008,"9,561,000"
Andy Warhol,Detail of the Last Supper,05.14.2008,"9,561,000"
Jean-Michel Basquiat,Untitled,05.14.2008,"9,561,000"
Paul Signac,Constantinople - Corne d′or,06.18.2007,"9,559,321"
Cai Guo Qiang,Drawing for Asia-pacific Economic Cooperation,11.25.2007,"9,548,228"
Zhang Daqian,Daoist goddess playing panpipe,05.27.2013,"9,536,352"
Roy Lichtenstein,Yellow and White Brushstrokes,11.15.2006,"9,536,000"
Ernst Ludwig Kirchner,Gruppe Badender am Strand,02.05.2008,"9,534,192"
Auguste Rodin,"Le Penseur, taille de la porte dit moyen modèle",02.03.2015,"9,498,200"
Wassily Kandinsky,Moskau II,02.03.2015,"9,498,200"
Georges Braque,Femme lisant,12.02.1986,"9,484,121"
Vincent van Gogh,Deux crabes,06.21.2004,"9,480,882"
Wassily Kandinsky,Herbstlandschaft,06.23.2014,"9,479,320"
Chaïm Soutine,Le pâtissier de Cagnes,02.07.2005,"9,460,270"
Claude Monet,Nymphéas,11.13.1990,"9,460,000"
